gene_name,std,mean,sum,count_nonzero
A4GALT,,2.747227668762207,2.747227668762207,1.0
ABCF3,,2.7456538677215576,2.7456538677215576,1.0
ABRA,0.006938437859719342,2.7431282997131348,8.229384899139404,3.0
AC011294.3,,2.747134208679199,2.747134208679199,1.0
ADAM28,0.0012043077280119846,2.7473230361938477,10.98929214477539,4.0
ADAM7,,2.743560314178467,2.743560314178467,1.0
ADAMTS19,,2.7471237182617188,2.7471237182617188,1.0
ADAMTS9,,2.747134208679199,2.747134208679199,1.0
ADARB2,0.0010120753207856661,2.747587060928345,13.737935304641724,5.0
ADGRL3,,2.747134208679199,2.747134208679199,1.0
ADGRV1,1.024766180823756e-06,2.747134722196139,35.712751388549805,13.0
ADHFE1,,2.767477035522461,2.767477035522461,1.0
ADPRH,,2.7490639686584477,2.7490639686584477,1.0
ADRA1B,0.0,2.747134208679199,24.724207878112793,9.0
ADRB1,0.0004336067774800778,2.747009515762329,5.494019031524658,2.0
AGGF1,,2.747849464416504,2.747849464416504,1.0
AHCYL1,,2.7494797706604004,2.7494797706604004,1.0
AJAP1,0.0,2.747134208679199,10.988536834716797,4.0
AKAP8,,2.74532413482666,2.74532413482666,1.0
AKR1B10,0.001958816931392154,2.74523389339447,5.49046778678894,2.0
ANGPT2,,2.744693756103516,2.744693756103516,1.0
ANKDD1B,0.007866119218678747,2.7510658502578735,5.502131700515747,2.0
ANKRD30A,0.0003486390326563354,2.74725614095989,52.197866678237915,19.0
ANKRD50,,2.747134208679199,2.747134208679199,1.0
ANLN,,2.7471494674682617,2.7471494674682617,1.0
ANO5,,2.747134208679199,2.747134208679199,1.0
ANXA2R,0.010893823899384376,2.744962823802027,79.60392189025879,29.0
AOAH,,2.746901512145996,2.746901512145996,1.0
APRT,0.007150707340725409,2.738994757334391,8.216984272003174,3.0
ARAP3,8.918273144905177e-05,2.747161030769348,5.494322061538696,2.0
ARFGEF1,1.8621086301581035e-06,2.7471330165863037,8.241399049758911,3.0
ARHGAP26,0.0008609758213805433,2.747743010520935,5.49548602104187,2.0
ARHGEF28,0.011803646393960825,2.7387877702713013,5.4775755405426025,2.0
ARHGEF33,,2.744887113571167,2.744887113571167,1.0
ARL15,,2.747786521911621,2.747786521911621,1.0
ARRDC2,,2.750730037689209,2.750730037689209,1.0
ARRDC3,,2.747134208679199,2.747134208679199,1.0
ARSB,0.002126224213677111,2.745676040649414,5.491352081298828,2.0
ASPH,,2.747134208679199,2.747134208679199,1.0
ASTN1,0.014344019089383058,2.7447053513875823,112.53291940689087,41.0
ASXL2,,2.746663808822632,2.746663808822632,1.0
ATP1B1,,2.747119665145874,2.747119665145874,1.0
ATP2C2,,2.7410807609558105,2.7410807609558105,1.0
AUTS2,0.0,2.747134208679199,10.988536834716797,4.0
BCAR3,0.003916559134569785,2.7482295831044516,8.244688749313354,3.0
BCL11A,0.006223235063724569,2.7455532550811768,5.4911065101623535,2.0
BCL6,,2.747134208679199,2.747134208679199,1.0
BDKRB1,0.00020778681852395706,2.747295618057251,8.241886854171753,3.0
BEST1,0.036165490618941504,2.7630983049219306,30.394081354141235,11.0
BFSP2,,2.74698257446289,2.74698257446289,1.0
BHLHE22,,2.7473459243774414,2.7473459243774414,1.0
BLOC1S3,0.0563821847614246,2.7239154974619546,16.34349298477173,6.0
BMS1,0.006516077970305167,2.7469953233545477,1057.5931994915009,385.0
BOD1,,2.7475779056549072,2.7475779056549072,1.0
BRD4,,2.622892141342163,2.622892141342163,1.0
BRINP2,0.016971718952169312,2.74267496003045,49.368149280548096,18.0
BRINP3,,2.747134208679199,2.747134208679199,1.0
BSX,,2.7478773593902592,2.7478773593902592,1.0
C10orf35,,2.7515969276428223,2.7515969276428223,1.0
C12orf10,,2.7718584537506104,2.7718584537506104,1.0
C14orf159,0.0018513272864717782,2.7473629315694175,24.726266384124756,9.0
C18orf42,,2.746168613433838,2.746168613433838,1.0
C1orf162,,2.749281406402588,2.749281406402588,1.0
C3orf14,,2.8180544376373287,2.8180544376373287,1.0
C3orf36,,2.749386787414551,2.749386787414551,1.0
C4orf33,,2.747134208679199,2.747134208679199,1.0
C5orf17,,2.747134208679199,2.747134208679199,1.0
C5orf30,,2.7473080158233643,2.7473080158233643,1.0
C5orf46,,2.7471766471862797,2.7471766471862797,1.0
C6orf223,,2.746948003768921,2.746948003768921,1.0
C6orf52,,2.746927261352539,2.746927261352539,1.0
C7orf25,,2.747134208679199,2.747134208679199,1.0
C7orf66,,2.7448205947875977,2.7448205947875977,1.0
C7orf71,,2.747220516204834,2.747220516204834,1.0
C8orf22,7.717547167444799e-06,2.7471397876739503,13.735698938369751,5.0
C8orf37,,2.747134208679199,2.747134208679199,1.0
C8orf48,0.0,2.747134208679199,5.494268417358398,2.0
C9orf3,,2.745164394378662,2.745164394378662,1.0
CA8,,2.747566938400269,2.747566938400269,1.0
CAAP1,0.00017549947719936276,2.747012734413147,5.494025468826294,2.0
CACNA1D,,2.747043371200561,2.747043371200561,1.0
CACNG4,0.001799333256626931,2.7424179315567017,5.484835863113403,2.0
CACNG8,0.009187811221996432,2.748487710952759,8.245463132858276,3.0
CADM1,,2.747134208679199,2.747134208679199,1.0
CALB1,,2.746593952178955,2.746593952178955,1.0
CAMSAP1,,2.74731707572937,2.74731707572937,1.0
CASQ2,0.00023973127432996526,2.74741530418396,5.49483060836792,2.0
CASZ1,,2.747141122817993,2.747141122817993,1.0
CBLN2,,2.747134208679199,2.747134208679199,1.0
CCDC28A,0.0014388315124429377,2.7480628490448,8.2441885471344,3.0
CCDC69,,2.748620986938477,2.748620986938477,1.0
CCL28,,2.7456040382385254,2.7456040382385254,1.0
CCNG1,0.0,2.747134208679199,13.735671043395996,5.0
CCNJL,,2.751391649246216,2.751391649246216,1.0
CD180,0.002201196917248783,2.7480905055999756,27.480905055999756,10.0
CD200,,2.746142864227295,2.746142864227295,1.0
CDC16,0.002760896188775383,2.746340350671248,60.419487714767456,22.0
CDH10,0.0,2.747134208679199,10.988536834716797,4.0
CDH12,,2.747157573699951,2.747157573699951,1.0
CDH13,,2.747134208679199,2.747134208679199,1.0
CDH17,,2.747135162353516,2.747135162353516,1.0
CDH18,2.3304742911486983e-05,2.7471374367910717,173.06965851783752,63.0
CDH6,6.365776062011719e-05,2.747112989425659,24.724016904830933,9.0
CDH7,0.0,2.747134208679199,5.494268417358398,2.0
CDH8,4.696301365642405e-06,2.747133731842041,8.241401195526123,3.0
CDKL4,0.0027454457119991662,2.746745228767395,5.49349045753479,2.0
CDKN2A-AS1,,2.746876001358032,2.746876001358032,1.0
CDT1,0.04751031330570523,2.7401246547698976,13.700623273849487,5.0
CEP78,3.068290571593085e-05,2.746542453765869,5.493084907531738,2.0
CETN3,,2.747134208679199,2.747134208679199,1.0
CHAC2,,2.747134208679199,2.747134208679199,1.0
CHD1,0.0,2.747134208679199,5.494268417358398,2.0
CHD7,,2.744762420654297,2.744762420654297,1.0
CHRNA2,,2.747481346130371,2.747481346130371,1.0
CHSY3,4.854459719614627e-05,2.7471296191215515,21.977036952972412,8.0
CITED2,,2.747134208679199,2.747134208679199,1.0
CKMT2,,2.747121572494507,2.747121572494507,1.0
CLDN23,9.342903014398926e-06,2.747138602393014,19.2299702167511,7.0
CLINT1,,2.747134208679199,2.747134208679199,1.0
CLNK,0.0,2.747134208679199,5.494268417358398,2.0
CLVS1,,2.747134208679199,2.747134208679199,1.0
CNBD1,0.0,2.747134208679199,5.494268417358398,2.0
CNOT6,0.0004996930359451597,2.7468948364257812,5.4937896728515625,2.0
CNTN4,,2.74713134765625,2.74713134765625,1.0
COL23A1,,2.74718976020813,2.74718976020813,1.0
COL4A2,0.005704660239646686,2.7418019771575928,5.4836039543151855,2.0
COLGALT1,,2.7469701766967773,2.7469701766967773,1.0
CORO2B,,2.7469818592071533,2.7469818592071533,1.0
COX7C,,2.747134208679199,2.747134208679199,1.0
CPA6,,2.7469935417175293,2.7469935417175293,1.0
CREB3L4,,2.707949161529541,2.707949161529541,1.0
CREB5,,2.747175931930542,2.747175931930542,1.0
CRISPLD1,,2.747127056121826,2.747127056121826,1.0
CRISPLD2,,2.7442426681518555,2.7442426681518555,1.0
CSGALNACT2,0.019960285746499332,2.7495942517768506,472.9302113056183,172.0
CSMD1,1.376510308462384e-07,2.747134248415629,32.96561098098755,12.0
CSNK1A1,0.01966032471857392,2.738234758377075,5.47646951675415,2.0
CSNK1G3,,2.747134208679199,2.747134208679199,1.0
CTNNBL1,,2.7469842433929443,2.7469842433929443,1.0
CXCL12,6.607249479556569e-06,2.7471303939819336,8.2413911819458,3.0
CYFIP2,,2.747391939163208,2.747391939163208,1.0
CYP27C1,,2.744029998779297,2.744029998779297,1.0
CYTH2,0.019762409167707853,2.7453667879104615,27.453667879104614,10.0
CYTIP,,2.7720882892608643,2.7720882892608643,1.0
DCDC2C,,2.747134208679199,2.747134208679199,1.0
DCP2,0.0059318744132925835,2.749572277069092,10.998289108276367,4.0
DDA1,,2.7843661308288574,2.7843661308288574,1.0
DDX18,0.0,2.747134208679199,5.494268417358398,2.0
DDX58,0.0021494892740555956,2.7459609508514404,5.491921901702881,2.0
DEFA3,,2.754211902618408,2.754211902618408,1.0
DEFA5,0.0040738918154072,2.7467977567152544,30.214775323867798,11.0
DEFA6,,2.7480449676513667,2.7480449676513667,1.0
DEFB1,,2.7474040985107417,2.7474040985107417,1.0
DEFB127,0.0034993082198776556,2.7453196616399858,115.3034257888794,42.0
DEFB128,0.013828286297907999,2.745634006417316,63.14958214759827,23.0
DEFB129,0.002283922641014031,2.7466588815053306,8.239976644515991,3.0
DEPTOR,0.00142791373100179,2.7455432415008545,10.982172966003418,4.0
DIO2,,2.747134208679199,2.747134208679199,1.0
DIP2C,,2.748032093048096,2.748032093048096,1.0
DIRC2,0.0018320392110715417,2.74605929851532,5.49211859703064,2.0
DLGAP1,,2.7471368312835693,2.7471368312835693,1.0
DMRT2,0.0,2.747134208679199,41.20701313018799,15.0
DNPEP,0.0011858437297026713,2.7409160137176514,5.481832027435303,2.0
DOCK8,0.0017785538979977129,2.747031999670941,63.18173599243164,23.0
DPP6,,2.746954917907715,2.746954917907715,1.0
DPYD,,2.747134208679199,2.747134208679199,1.0
DRD1,1.30684497972274e-05,2.7471310391145596,46.70122766494751,17.0
DRD3,,2.7486844062805176,2.7486844062805176,1.0
DROSHA,,2.7471320629119877,2.7471320629119877,1.0
DSCAM,0.0,2.747134208679199,41.20701313018799,15.0
DSCC1,,2.760620594024658,2.760620594024658,1.0
DTHD1,,2.747134208679199,2.747134208679199,1.0
DTWD2,0.0,2.747134208679199,8.241402626037598,3.0
DUSP26,,2.747134208679199,2.747134208679199,1.0
DUSP4,,2.748136281967163,2.748136281967163,1.0
DYM,0.0,2.747134208679199,5.494268417358398,2.0
EBF1,,2.747134208679199,2.747134208679199,1.0
ECT2L,0.0006310226159051054,2.7467375993728638,5.4934751987457275,2.0
EDIL3,0.0,2.747134208679199,16.482805252075195,6.0
EDNRB,0.0018317239467245715,2.74651287152217,35.70466732978821,13.0
EFCAB1,,2.747144222259521,2.747144222259521,1.0
EFNA5,0.01235936058138796,2.744601678848267,13.723008394241333,5.0
EGR3,,2.7731380462646484,2.7731380462646484,1.0
EIF1B,0.005825918812337768,2.747053795390659,49.44696831703186,18.0
EIF2AK1,,2.7553460597991943,2.7553460597991943,1.0
EIF5A2,,2.747133493423462,2.747133493423462,1.0
ELN,,2.747220516204834,2.747220516204834,1.0
EMB,,2.7487261295318604,2.7487261295318604,1.0
ENC1,,2.747137546539306,2.747137546539306,1.0
ENDOV,0.011704958273551364,2.751191594383933,30.263107538223267,11.0
ENOSF1,0.018690778615429626,2.7530614137649536,5.506122827529907,2.0
ENTPD4,0.025246977202784713,2.7560576597849527,8.268172979354858,3.0
EPHB1,,2.747107982635498,2.747107982635498,1.0
EPM2A,0.0,2.747134208679199,5.494268417358398,2.0
ERBB2IP,8.092194914248663e-06,2.747152805328369,5.494305610656738,2.0
ESCO2,,2.758020401000977,2.758020401000977,1.0
ETS1,,2.7470703125,2.7470703125,1.0
ETV1,,2.747134208679199,2.747134208679199,1.0
EXTL3,,2.749448299407959,2.749448299407959,1.0
EYA2,,2.747134208679199,2.747134208679199,1.0
EYS,0.0,2.747134208679199,107.13823413848877,39.0
FADS3,,2.748740673065185,2.748740673065185,1.0
FAM110B,,2.747134208679199,2.747134208679199,1.0
FAM155A,,2.747134208679199,2.747134208679199,1.0
FAM160B2,,2.711886167526245,2.711886167526245,1.0
FAM170A,,2.7488999366760254,2.7488999366760254,1.0
FAM174A,,2.747134208679199,2.747134208679199,1.0
FAM196A,,2.747135877609253,2.747135877609253,1.0
FAM196B,,2.747145891189575,2.747145891189575,1.0
FAM71C,,2.747134208679199,2.747134208679199,1.0
FAM81B,0.0020979015314782612,2.7484261989593506,5.496852397918701,2.0
FAR1,,2.747134208679199,2.747134208679199,1.0
FGF20,,2.747134208679199,2.747134208679199,1.0
FGF5,,2.745614051818848,2.745614051818848,1.0
FGL1,,2.747211456298828,2.747211456298828,1.0
FHIT,0.0,2.747134208679199,5.494268417358398,2.0
FIGN,0.0,2.747134208679199,10.988536834716797,4.0
FNDC1,,2.747134208679199,2.747134208679199,1.0
FNDC9,,2.7521302700042725,2.7521302700042725,1.0
FOXF1,,2.7469193935394287,2.7469193935394287,1.0
FOXL1,2.8659856987407943e-05,2.7470834255218506,5.494166851043701,2.0
FOXN3,,2.747134208679199,2.747134208679199,1.0
FSIP2,,2.747134208679199,2.747134208679199,1.0
FTO,0.0,2.747134208679199,16.482805252075195,6.0
FUT10,3.2851447182356914e-05,2.747129719308082,129.11509680747986,47.0
FXN,0.00026586716310766283,2.747022294998169,13.735111474990845,5.0
FXYD4,0.007858349267694699,2.747656918707348,115.40159058570862,42.0
GAB4,,2.747073173522949,2.747073173522949,1.0
GABRG2,,2.747137546539306,2.747137546539306,1.0
GALNT5,,2.747158527374268,2.747158527374268,1.0
GBGT1,,2.7497763633728027,2.7497763633728027,1.0
GCA,1.0958180612832449e-05,2.7471264600753784,5.494252920150757,2.0
GDNF,0.0005807171981058917,2.7464988827705383,10.985995531082153,4.0
GFRA2,,2.747134208679199,2.747134208679199,1.0
GNRH1,,2.7335333824157715,2.7335333824157715,1.0
GOLIM4,,2.747134208679199,2.747134208679199,1.0
GOT1L1,,2.732754945755005,2.732754945755005,1.0
GOT2,,2.747134208679199,2.747134208679199,1.0
GP9,,2.74482798576355,2.74482798576355,1.0
GPATCH2,0.0,2.747134208679199,5.494268417358398,2.0
GPC6,,2.747130870819092,2.747130870819092,1.0
GPHN,,2.747134208679199,2.747134208679199,1.0
GPR26,7.126017180271874e-07,2.7471338748931884,27.471338748931885,10.0
GRAMD3,7.119366670623865e-07,2.747134029865265,10.98853611946106,4.0
GREM1,,2.747143507003784,2.747143507003784,1.0
GRHL2,,2.742124319076538,2.742124319076538,1.0
GRIA2,0.00019897525545279973,2.747230589389801,10.988922357559204,4.0
GSC,,2.74721908569336,2.74721908569336,1.0
H1FNT,0.002352974258666349,2.746057391166687,5.492114782333374,2.0
HAND1,,2.7645463943481445,2.7645463943481445,1.0
HAND2,0.0,2.747134208679199,140.10384464263916,51.0
HCN1,6.069146185411731e-06,2.7471299171447754,5.494259834289551,2.0
HEXB,,2.7463345527648926,2.7463345527648926,1.0
HEYL,,2.734522819519043,2.734522819519043,1.0
HIBCH,,2.747438907623291,2.747438907623291,1.0
HK3,,2.748213768005371,2.748213768005371,1.0
HMHB1,3.7089226689586747e-06,2.7471368312835693,5.494273662567139,2.0
HNF4G,,2.747141122817993,2.747141122817993,1.0
HNRNPAB,0.014548754931173004,2.75388503074646,5.50777006149292,2.0
HNRNPF,0.02698671449613632,2.7497130999198327,71.49254059791565,26.0
HRH2,,2.7544405460357666,2.7544405460357666,1.0
HS3ST3A1,,2.747134208679199,2.747134208679199,1.0
HSPA4,0.0,2.747134208679199,5.494268417358398,2.0
HSPA8,,2.7501909732818604,2.7501909732818604,1.0
HTR1B,,2.747134208679199,2.747134208679199,1.0
HTR4,0.000577950536120395,2.7471930980682373,24.724737882614136,9.0
ICMT,,2.667370319366455,2.667370319366455,1.0
ID4,0.005942031290460041,2.741356134414673,5.482712268829346,2.0
IDO2,,2.76028060913086,2.76028060913086,1.0
IGFBP5,,2.7574026584625244,2.7574026584625244,1.0
IGFBP7,,2.747134208679199,2.747134208679199,1.0
IKZF3,,2.744912624359131,2.744912624359131,1.0
IMPAD1,7.299834162086847e-05,2.7471858263015747,5.494371652603149,2.0
INHBB,0.0026159705933741706,2.7474879026412964,5.494975805282593,2.0
INSC,,2.7473156452178955,2.7473156452178955,1.0
IPMK,0.0,2.747134208679199,8.241402626037598,3.0
IPO11,,2.747134208679199,2.747134208679199,1.0
IRS2,,2.747134208679199,2.747134208679199,1.0
ISX,,2.747568368911743,2.747568368911743,1.0
ITGA11,0.00012204850208122145,2.7471350034077964,8.241405010223389,3.0
ITLN2,,2.7462198734283447,2.7462198734283447,1.0
ITPKC,,2.7315874099731445,2.7315874099731445,1.0
JAG1,2.576623832903378e-05,2.7471379408469567,71.42558646202087,26.0
JAK1,0.00010742875908774495,2.7468143304189048,8.240442991256714,3.0
KATNAL1,,2.7473278045654297,2.7473278045654297,1.0
KCNE4,8.53769352852027e-06,2.747119983037313,8.241359949111938,3.0
KCNJ14,0.0009159353118387492,2.741705298423767,5.483410596847534,2.0
KCNK1,,2.747134208679199,2.747134208679199,1.0
KCNK13,0.0002251137860549407,2.7471377786837126,104.39123558998108,38.0
KCNMB1,,2.743229389190674,2.743229389190674,1.0
KCNN2,,2.747134208679199,2.747134208679199,1.0
KCNS3,,2.747134208679199,2.747134208679199,1.0
KCNU1,3.233715407025523e-05,2.747142791748047,8.24142837524414,3.0
KDM4C,,2.747134208679199,2.747134208679199,1.0
KIAA1024,,2.746951103210449,2.746951103210449,1.0
KIF26B,0.0,2.747134208679199,5.494268417358398,2.0
KIR3DX1,,2.742050647735596,2.742050647735596,1.0
KLF10,0.018828008754180624,2.76239550113678,5.52479100227356,2.0
KLHL8,0.0006000395218017,2.7467640240987143,8.240292072296143,3.0
KNCN,,2.743861198425293,2.743861198425293,1.0
KRTAP5-6,0.019337387603528006,2.739680767059326,38.355530738830566,14.0
LBX1,0.0022465956130245384,2.7432050704956055,5.486410140991211,2.0
LHFPL2,,2.74714732170105,2.74714732170105,1.0
LINC00544,,2.746814489364624,2.746814489364624,1.0
LINC00619,0.002700923279650104,2.7459906578063964,13.729953289031982,5.0
LINC01605,,2.747134208679199,2.747134208679199,1.0
LINGO2,,2.7471346855163574,2.7471346855163574,1.0
LIPG,,2.747048854827881,2.747048854827881,1.0
LIX1,,2.743643522262573,2.743643522262573,1.0
LMBRD1,,2.747134208679199,2.747134208679199,1.0
LMNB1,,2.752262115478516,2.752262115478516,1.0
LMNTD1,8.42936969746853e-07,2.747136950492859,5.494273900985718,2.0
LMO3,,2.747148036956787,2.747148036956787,1.0
LMTK3,0.016901389559695022,2.742943584918976,32.91532301902771,12.0
LONRF1,,2.7471027374267583,2.7471027374267583,1.0
LRFN5,,2.747134208679199,2.747134208679199,1.0
LRP6,,2.7469847202301025,2.7469847202301025,1.0
LRRC30,,2.747123003005981,2.747123003005981,1.0
LRRC4C,0.0,2.747134208679199,5.494268417358398,2.0
LRRCC1,,2.747134208679199,2.747134208679199,1.0
LRRTM1,,2.747134208679199,2.747134208679199,1.0
LRRTM4,0.0,2.747134208679199,13.735671043395996,5.0
LRTM1,0.0005860144118488935,2.747284730275472,16.483708381652832,6.0
LVRN,0.0014444567921653602,2.7467010021209717,5.493402004241943,2.0
LYPLA1,,2.747128486633301,2.747128486633301,1.0
MAF,,2.747134208679199,2.747134208679199,1.0
MANF,6.307962685548344e-07,2.7471344470977783,8.241403341293335,3.0
MAP10,,2.747321605682373,2.747321605682373,1.0
MAP1B,0.0003328105888438924,2.746827761332194,8.240483283996582,3.0
MAP3K7,,2.747134208679199,2.747134208679199,1.0
MAST4,0.0007202102332750139,2.747333083833967,19.23133158683777,7.0
MAT2B,0.00012140626433721982,2.7471678807185245,35.71318244934082,13.0
MBNL2,,2.7472195625305176,2.7472195625305176,1.0
MBOAT1,,2.7456865310668945,2.7456865310668945,1.0
MEP1A,0.0004560289008883444,2.746364712715149,5.492729425430298,2.0
MGARP,,2.745589256286621,2.745589256286621,1.0
MIS18BP1,0.0,2.747134208679199,46.70128154754639,17.0
MMADHC,,2.747122287750244,2.747122287750244,1.0
MMS22L,0.0,2.747134208679199,8.241402626037598,3.0
MN1,0.0,2.747134208679199,5.494268417358398,2.0
MOCS2,,2.747138023376465,2.747138023376465,1.0
MROH2B,0.0006396335625667877,2.7470483439309255,57.68801522254944,21.0
MSC,0.00022430390693980472,2.7469805081685386,8.240941524505615,3.0
MSR1,0.0005536324459744788,2.746814568837484,8.240443706512451,3.0
MSX2,0.00014279352275490897,2.7472351789474487,5.4944703578948975,2.0
MTAP,,2.74700140953064,2.74700140953064,1.0
MTERF1,,2.747134208679199,2.747134208679199,1.0
MTRNR2L7,0.00030763472293073827,2.747152480212125,30.218677282333374,11.0
MTX3,,2.7471766471862797,2.7471766471862797,1.0
MUC5B,,2.7471048831939697,2.7471048831939697,1.0
MYOM2,0.0,2.747134208679199,10.988536834716797,4.0
N4BP3,0.06715914864077516,2.787994384765625,5.57598876953125,2.0
NAALADL2,0.0,2.747134208679199,5.494268417358398,2.0
NAP1L5,0.002370001585464436,2.7496325969696045,5.499265193939209,2.0
NAPG,,2.747134208679199,2.747134208679199,1.0
NAT1,0.0003607770232532529,2.7466177940368652,5.4932355880737305,2.0
NAV3,,2.747134208679199,2.747134208679199,1.0
NBEAL1,0.0003117180915870433,2.7479621171951294,5.495924234390259,2.0
NCOA7,,2.7475905418396,2.7475905418396,1.0
NDUFS4,,2.747134208679199,2.747134208679199,1.0
NEIL2,0.00047760808732545115,2.7477306127548218,5.4954612255096436,2.0
NFE2L3,,2.747134208679199,2.747134208679199,1.0
NHLRC3,,2.746953248977661,2.746953248977661,1.0
NIPAL2,,2.7471365928649902,2.7471365928649902,1.0
NKAIN3,0.0,2.747134208679199,5.494268417358398,2.0
NLRP3,,2.7475075721740723,2.7475075721740723,1.0
NME7,,2.7471671104431152,2.7471671104431152,1.0
NMUR2,0.00037384984027024265,2.7472010135650633,27.472010135650635,10.0
NR1I3,,2.733501672744751,2.733501672744751,1.0
NR2F1,0.0,2.747134208679199,10.988536834716797,4.0
NRG1,0.01257134458431863,2.748736741527027,830.1184959411621,302.0
NRIP1,4.536724049460822e-05,2.7470974922180176,8.241292476654053,3.0
NRP2,1.87645166265607e-05,2.7471280892690024,8.241384267807007,3.0
NRXN3,0.0,2.747134208679199,8.241402626037598,3.0
NTRK3,2.0230487285229133e-06,2.747135639190674,5.494271278381348,2.0
NUDT12,0.0,2.747134208679199,8.241402626037598,3.0
NUP210L,,2.7532246112823486,2.7532246112823486,1.0
NUP35,,2.7470951080322266,2.7470951080322266,1.0
NXPH1,,2.747134208679199,2.747134208679199,1.0
NXPH2,0.0004464194194269186,2.747433662414551,5.494867324829102,2.0
NYAP2,,2.747134208679199,2.747134208679199,1.0
ODC1,,2.7520265579223637,2.7520265579223637,1.0
OGN,,2.7575254440307617,2.7575254440307617,1.0
OPRK1,,2.747420310974121,2.747420310974121,1.0
OR2V1,0.005338666276273463,2.746441423892975,10.9857656955719,4.0
OR52K2,,2.75266170501709,2.75266170501709,1.0
OTOL1,,2.7471346855163574,2.7471346855163574,1.0
OVGP1,,2.7423367500305176,2.7423367500305176,1.0
OXNAD1,,2.747146844863892,2.747146844863892,1.0
PABPC4,,2.749008893966675,2.749008893966675,1.0
PACRGL,,2.746114015579224,2.746114015579224,1.0
PARD3B,,2.747134208679199,2.747134208679199,1.0
PARP8,,2.747134208679199,2.747134208679199,1.0
PBK,,2.74719786643982,2.74719786643982,1.0
PC,,2.7422244548797607,2.7422244548797607,1.0
PCDH17,0.0,2.747134208679199,5.494268417358398,2.0
PCDH18,,2.747134208679199,2.747134208679199,1.0
PCDH7,0.0,2.747134208679199,21.977073669433594,8.0
PCMTD1,1.3486991523420937e-06,2.747133731842041,21.977069854736328,8.0
PCSK1,0.00040359822134032126,2.747419595718384,5.494839191436768,2.0
PCSK5,,2.739924907684326,2.739924907684326,1.0
PCYOX1L,,2.7541489601135254,2.7541489601135254,1.0
PDE4D,,2.7474379539489746,2.7474379539489746,1.0
PDHA2,1.097296642595395e-05,2.7471341444895816,71.42548775672913,26.0
PDXK,,2.819514513015747,2.819514513015747,1.0
PDZRN3,0.0,2.747134208679199,65.93122100830078,24.0
PEAK1,,2.747150421142578,2.747150421142578,1.0
PEX11G,,2.760101556777954,2.760101556777954,1.0
PHF14,,2.747134208679199,2.747134208679199,1.0
PHOX2B,0.007467819127540634,2.745930583388717,222.42037725448608,81.0
PHTF2,0.005945197794586796,2.7466921938790216,148.32137846946716,54.0
PIK3R1,,2.747134208679199,2.747134208679199,1.0
PITPNB,,2.747365713119507,2.747365713119507,1.0
PKHD1,0.015667178597619767,2.7499438581012545,57.74882102012634,21.0
PKN2,0.00021174576691873162,2.7469868659973145,5.493973731994629,2.0
PLD1,0.007075109072964746,2.7445570627848306,24.701013565063477,9.0
PLXDC2,,2.747134208679199,2.747134208679199,1.0
PLXNA2,,2.747134208679199,2.747134208679199,1.0
POLK,,2.745758056640625,2.745758056640625,1.0
POM121L12,0.0,2.747134208679199,5.494268417358398,2.0
POU3F2,0.0,2.747134208679199,8.241402626037598,3.0
PRCD,,2.7442312240600586,2.7442312240600586,1.0
PRDM14,,2.745443820953369,2.745443820953369,1.0
PRELID2,0.0,2.747134208679199,13.735671043395996,5.0
PREX2,2.683277270609233e-05,2.7471346060434976,8.241403818130493,3.0
PRICKLE1,0.0,2.747134208679199,16.482805252075195,6.0
PRLR,,2.7471940517425537,2.7471940517425537,1.0
PROC,,2.743957281112671,2.743957281112671,1.0
PRR16,0.0,2.747134208679199,8.241402626037598,3.0
PRRC1,,2.7434406280517583,2.7434406280517583,1.0
PRSS45,,2.7473840713500977,2.7473840713500977,1.0
PSKH2,0.0007702077466559226,2.7469723224639893,129.1076991558075,47.0
PTN,,2.747131824493408,2.747131824493408,1.0
PTPN12,0.010033246820183955,2.746988180705479,96.14458632469177,35.0
PTPN20B,,2.747134208679199,2.747134208679199,1.0
PTPN7,,2.767491340637207,2.767491340637207,1.0
PTTG1,6.400521308206792e-05,2.747147878011068,8.241443634033203,3.0
PXDNL,0.0,2.747134208679199,5.494268417358398,2.0
QKI,,2.747134208679199,2.747134208679199,1.0
RAB11FIP1,,2.776116371154785,2.776116371154785,1.0
RAB18,,2.746384382247925,2.746384382247925,1.0
RAB2A,,2.748539447784424,2.748539447784424,1.0
RAB3C,,2.747134208679199,2.747134208679199,1.0
RALB,0.0017306833176975386,2.741854429244995,10.96741771697998,4.0
RALYL,,2.747134208679199,2.747134208679199,1.0
RASA1,,2.743084669113159,2.743084669113159,1.0
RASA3,0.0043356060020495425,2.747046654040997,35.71160650253296,13.0
RASGEF1A,0.008357454992993998,2.7475497528408352,978.1277120113373,356.0
RASGRP3,0.0020871119382594723,2.7465853691101074,5.493170738220215,2.0
RBM46,6.743495763313138e-07,2.747131586074829,5.494263172149658,2.0
RCSD1,,2.746854543685913,2.746854543685913,1.0
RCVRN,0.0031630366870454185,2.7469983100891113,5.493996620178223,2.0
REEP3,0.0,2.747134208679199,5.494268417358398,2.0
RET,0.008896863650508912,2.746782087342708,1258.0261960029602,458.0
RFX3,,2.7471370697021484,2.7471370697021484,1.0
RHOBTB2,,2.75239372253418,2.75239372253418,1.0
RHOJ,0.0001722963167125348,2.7469732761383057,5.493946552276611,2.0
RHOU,0.0004932867149716608,2.7467234134674072,5.4934468269348145,2.0
RIMS2,,2.747134208679199,2.747134208679199,1.0
RIPK2,0.002123863990160972,2.74863600730896,5.49727201461792,2.0
RMND5B,0.005577545344537672,2.7478554248809814,5.495710849761963,2.0
RNF180,0.0005072794686771206,2.7475847005844116,5.495169401168823,2.0
RNF220,,2.747183322906494,2.747183322906494,1.0
RP11-1102P16.1,4.458126891455156e-06,2.747134029865265,21.97707223892212,8.0
RP11-180C1.1,,2.747134208679199,2.747134208679199,1.0
RP11-19E11.1,,2.747134208679199,2.747134208679199,1.0
RP11-301G19.1,,2.747134208679199,2.747134208679199,1.0
RP11-386G21.2,,2.747134208679199,2.747134208679199,1.0
RP11-404L6.2,,2.815547466278076,2.815547466278076,1.0
RP11-419C23.1,7.77187886540886e-05,2.747082829475403,5.494165658950806,2.0
RP11-481A20.11,,2.753703594207764,2.753703594207764,1.0
RP11-521M14.2,,2.747279167175293,2.747279167175293,1.0
RP11-65D24.2,,2.744396209716797,2.744396209716797,1.0
RP11-680F20.4,,2.708662509918213,2.708662509918213,1.0
RPA3,,2.74711537361145,2.74711537361145,1.0
RPIA,,2.747134208679199,2.747134208679199,1.0
RRM2B,,2.747105598449707,2.747105598449707,1.0
RTN4IP1,,2.7469847202301025,2.7469847202301025,1.0
RTN4RL1,,2.747137546539306,2.747137546539306,1.0
RUBCN,,2.7420907020568848,2.7420907020568848,1.0
RWDD2A,,2.7471251487731934,2.7471251487731934,1.0
SALL1,,2.747134208679199,2.747134208679199,1.0
SALL4,,2.747840881347656,2.747840881347656,1.0
SARDH,,2.7491381168365483,2.7491381168365483,1.0
SCARA5,0.00035031885358531687,2.747078153822157,24.723703384399414,9.0
SCNN1D,,2.7404279708862305,2.7404279708862305,1.0
SCUBE2,,2.7490382194519043,2.7490382194519043,1.0
SEC61G,,2.747544288635254,2.747544288635254,1.0
SEMA3A,0.0001387725286547499,2.7471287579865784,914.7938764095306,333.0
SEMA3D,3.1021429306142807e-05,2.7471325368835378,1142.8071353435516,416.0
SEMA5A,,2.747154712677002,2.747154712677002,1.0
SEMA6A,3.226887794848335e-05,2.7471240043640135,27.471240043640137,10.0
SEMA6D,,2.7478508949279785,2.7478508949279785,1.0
SENP1,0.00962836324861672,2.757734537124634,5.515469074249268,2.0
SERPINA5,5.107349593463937e-05,2.7471285897332267,101.6437578201294,37.0
SERPIND1,1.4407269981245479e-05,2.7471396923065186,16.48283815383911,6.0
SERPINE2,,2.747134208679199,2.747134208679199,1.0
SERTM1,,2.747058868408203,2.747058868408203,1.0
SESN3,,2.747642040252685,2.747642040252685,1.0
SETD7,,2.7483677864074707,2.7483677864074707,1.0
SGCD,,2.747134208679199,2.747134208679199,1.0
SGCZ,0.0001203086364588944,2.7471403158628025,35.71282410621643,13.0
SGK3,,2.74784779548645,2.74784779548645,1.0
SH2D4B,,2.747134208679199,2.747134208679199,1.0
SHISA9,,2.747134208679199,2.747134208679199,1.0
SKOR2,,2.744366407394409,2.744366407394409,1.0
SLAIN1,0.00018308590993132366,2.746960401535034,5.493920803070068,2.0
SLC15A4,,2.7472171783447266,2.7472171783447266,1.0
SLC17A6,,2.7472386360168457,2.7472386360168457,1.0
SLC18B1,,2.7471346855163574,2.7471346855163574,1.0
SLC22A5,0.01726655231054918,2.737632632255554,5.475265264511108,2.0
SLC24A3,,2.7483391761779785,2.7483391761779785,1.0
SLC25A37,0.04637638881396956,2.7169244289398193,13.584622144699097,5.0
SLC35F4,,2.74712347984314,2.74712347984314,1.0
SLC36A3,0.0022665392480804725,2.7464042561394826,38.44965958595276,14.0
SLC39A8,3.293048933014977e-05,2.7471452057361603,21.977161645889282,8.0
SLC4A7,,2.746689558029175,2.746689558029175,1.0
SLC5A9,,2.7471182346343994,2.7471182346343994,1.0
SLC6A7,,2.742563009262085,2.742563009262085,1.0
SLC8A1,,2.747134208679199,2.747134208679199,1.0
SLC9C1,,2.738820552825928,2.738820552825928,1.0
SLFN5,,2.7483670711517334,2.7483670711517334,1.0
SLIT3,,2.747134208679199,2.747134208679199,1.0
SMAD9,,2.7465262413024902,2.7465262413024902,1.0
SMARCA2,0.0006568164871937726,2.7482283115386963,5.496456623077393,2.0
SMIM21,,2.747134208679199,2.747134208679199,1.0
SMOC1,,2.7471418380737305,2.7471418380737305,1.0
SNX18,,2.747128486633301,2.747128486633301,1.0
SNX31,,2.74613881111145,2.74613881111145,1.0
SOCS6,0.0,2.747134208679199,16.482805252075195,6.0
SOS1,,2.746889591217041,2.746889591217041,1.0
SOX17,0.000103457364616459,2.7471890449523926,10.98875617980957,4.0
SOX7,,2.7463583946228027,2.7463583946228027,1.0
SP3,,2.747263669967652,2.747263669967652,1.0
SPAG17,,2.747134208679199,2.747134208679199,1.0
SPINK13,,2.743337154388428,2.743337154388428,1.0
SPINK14,,2.7441296577453613,2.7441296577453613,1.0
SPOCK1,3.371747880871523e-07,2.7471344470977783,5.494268894195557,2.0
SPOCK3,,2.74711537361145,2.74711537361145,1.0
SPPL2A,0.002035187020894051,2.7476048469543457,5.495209693908691,2.0
SPRY2,0.0014477368296300463,2.7464338541030884,10.985735416412354,4.0
SPRY4,1.1388869420225295e-06,2.747134566307068,32.965614795684814,12.0
SPSB1,,2.746469736099243,2.746469736099243,1.0
SPTLC3,,2.747134208679199,2.747134208679199,1.0
SPZ1,,2.7471394538879395,2.7471394538879395,1.0
SREK1,,2.747134208679199,2.747134208679199,1.0
STC1,0.00034729529663583554,2.7467893759409585,8.240368127822876,3.0
STC2,,2.7471299171447754,2.7471299171447754,1.0
STMN2,0.0003567309257962071,2.747093677520752,5.494187355041504,2.0
STOML3,,2.7469403743743896,2.7469403743743896,1.0
SULF1,,2.747134208679199,2.747134208679199,1.0
SV2C,,2.747150421142578,2.747150421142578,1.0
SYNE1,1.7344029883835995e-05,2.7471442222595215,8.241432666778564,3.0
SYT10,5.3947966093944364e-06,2.7471303939819336,5.494260787963867,2.0
SYVN1,0.009534731075499877,2.7455166975657144,8.236550092697144,3.0
TBC1D9,1.6745970648650942e-06,2.747135798136393,8.24140739440918,3.0
TBCA,,2.747131109237671,2.747131109237671,1.0
TBX15,,2.747134208679199,2.747134208679199,1.0
TDRD15,,2.747134208679199,2.747134208679199,1.0
TENM2,3.774490661782667e-05,2.7471510887146,13.735755443572998,5.0
TEX15,,2.746976137161255,2.746976137161255,1.0
TEX264,8.715968272052886e-05,2.7477694749832153,5.495538949966431,2.0
TFAP2C,,2.747134208679199,2.747134208679199,1.0
TGIF1,,2.7471420764923096,2.7471420764923096,1.0
TIFAB,,2.747393846511841,2.747393846511841,1.0
TJP2,0.00075961402458149,2.746729791164398,10.986919164657593,4.0
TLE4,0.0,2.747134208679199,10.988536834716797,4.0
TLL2,0.0025423274884818696,2.7469407382764315,52.1918740272522,19.0
TLR4,8.597957096222382e-06,2.7470558881759644,5.494111776351929,2.0
TMEM114,0.0,2.747134208679199,13.735671043395996,5.0
TMEM132C,,2.747134208679199,2.747134208679199,1.0
TMEM167A,,2.7521839141845703,2.7521839141845703,1.0
TMEM168,6.153439882590528e-05,2.7471734285354614,5.494346857070923,2.0
TMEM17,,2.747159004211426,2.747159004211426,1.0
TMEM174,,2.7471346855163574,2.7471346855163574,1.0
TMEM2,,2.747134208679199,2.747134208679199,1.0
TMEM232,,2.747134208679199,2.747134208679199,1.0
TMEM68,,2.747125625610352,2.747125625610352,1.0
TMTC2,,2.747134208679199,2.747134208679199,1.0
TNFRSF10B,,2.7467141151428223,2.7467141151428223,1.0
TNIK,8.429369702178807e-07,2.747135281562805,5.49427056312561,2.0
TOP1,,2.747202157974243,2.747202157974243,1.0
TOX,0.001303686318138503,2.745463490486145,5.49092698097229,2.0
TPRG1,,2.7471346855163574,2.7471346855163574,1.0
TRIM11,,2.747241973876953,2.747241973876953,1.0
TRIM25,0.010591671618181715,2.740811586380005,5.48162317276001,2.0
TRIM29,,2.7463550567626958,2.7463550567626958,1.0
TRIM7,,2.780810832977295,2.780810832977295,1.0
TRIQK,,2.747134208679199,2.747134208679199,1.0
TRPA1,,2.747134208679199,2.747134208679199,1.0
TRPC7,0.0,2.747134208679199,49.448415756225586,18.0
TSPYL5,0.012705926126882202,2.7561205625534058,5.5122411251068115,2.0
TSSK1B,,2.744032382965088,2.744032382965088,1.0
TTC37,0.005803068343262981,2.7452551126480103,10.981020450592041,4.0
TTC39B,,2.745778799057007,2.745778799057007,1.0
TTC7B,,2.747134208679199,2.747134208679199,1.0
TTN,,2.7497572898864746,2.7497572898864746,1.0
TUSC3,,2.747131586074829,2.747131586074829,1.0
UBE2E3,0.008167669382682388,2.751120959009443,38.5156934261322,14.0
UBE2F,,2.7470273971557617,2.7470273971557617,1.0
UBE2V2,,2.7471261024475098,2.7471261024475098,1.0
UGT3A2,,2.74729585647583,2.74729585647583,1.0
UIMC1,,2.7504642009735107,2.7504642009735107,1.0
UNC5C,0.0006417781941417339,2.7471753053428714,332.4082119464874,121.0
UPF3A,,2.742135524749756,2.742135524749756,1.0
UQCRFS1,,2.7199106216430664,2.7199106216430664,1.0
USPL1,,2.7520415782928467,2.7520415782928467,1.0
VCAN,,2.747134208679199,2.747134208679199,1.0
VIP,,2.7471764087677,2.7471764087677,1.0
VPS13B,,2.747134208679199,2.747134208679199,1.0
WAPL,,2.74763298034668,2.74763298034668,1.0
WDR35,,2.768146514892578,2.768146514892578,1.0
WFS1,,2.744062900543213,2.744062900543213,1.0
WSCD1,,2.7471418380737305,2.7471418380737305,1.0
XKR3,,2.7470998764038086,2.7470998764038086,1.0
XKR4,,2.747130870819092,2.747130870819092,1.0
XRCC4,,2.747218132019043,2.747218132019043,1.0
YLPM1,,2.748764038085937,2.748764038085937,1.0
YTHDC2,,2.747098207473755,2.747098207473755,1.0
ZBED3,,2.7505552768707275,2.7505552768707275,1.0
ZFAND4,,2.756272792816162,2.756272792816162,1.0
ZFAT,0.00021823672562295407,2.747149666150411,16.482897996902466,6.0
ZFHX4,,2.7492494583129883,2.7492494583129883,1.0
ZFP36L1,0.03348169278478089,2.7535459299882254,132.17020463943481,48.0
ZFP64,0.0,2.747134208679199,5.494268417358398,2.0
ZFPM2,0.0,2.747134208679199,5.494268417358398,2.0
ZMIZ1,,2.747134208679199,2.747134208679199,1.0
ZMYND8,5.178454865499864e-06,2.747133146013532,192.29932022094727,70.0
ZNF114,0.008328993412676336,2.749323776790074,19.245266437530518,7.0
ZNF160,0.010929380601603247,2.7528518040974936,16.51711082458496,6.0
ZNF239,0.02293485742769026,2.7423749384672744,63.074623584747314,23.0
ZNF248,0.0010270262035437367,2.747300776568326,30.220308542251587,11.0
ZNF25,0.004765711846050387,2.747065544128418,16.482393264770508,6.0
ZNF33A,0.01050504610303324,2.7555158138275146,8.266547441482544,3.0
ZNF33B,0.0027540036966340552,2.7471829870888462,1096.1260118484497,399.0
ZNF354A,,2.74649715423584,2.74649715423584,1.0
ZNF37A,6.23416488499489e-05,2.7470829010009767,13.735414505004883,5.0
ZNF385D,0.0,2.747134208679199,5.494268417358398,2.0
ZNF395,0.0005904622954296389,2.747019797563553,21.976158380508423,8.0
ZNF479,,2.746997833251953,2.746997833251953,1.0
ZNF485,0.029201947956704808,2.745726065202193,30.20298671722412,11.0
ZNF487,0.009444280479484733,2.746999805623835,302.1699786186218,110.0
ZNF608,0.0,2.747134208679199,13.735671043395996,5.0
ZNF641,,2.746290683746338,2.746290683746338,1.0
ZNF786,,2.749436616897583,2.749436616897583,1.0
ZNF80,,2.7470648288726807,2.7470648288726807,1.0
ZNF879,,2.7860705852508545,2.7860705852508545,1.0
ZNF880,0.011870217109510027,2.7476279735565186,8.242883920669556,3.0
ZSWIM6,,2.747134208679199,2.747134208679199,1.0
